<?xml version="1.0" encoding="utf-8" ?>
<dwsync>
<file name="activate.php" server="C:/wamp/www/MashalDigital/" local="131370287314592487" remote="131370287310000000" Dst="-1" />
<file name="index.php" server="C:/wamp/www/MashalDigital/" local="131370223445394402" remote="131370223440000000" Dst="-1" />
<file name="activate.php" server="C:/wamp/www/crediter/" local="131396281926932345" remote="131396281920000000" Dst="-1" />
<file name="activate.php" server="C:/wamp/www/GeoCoinMine/" local="131468418227686647" remote="131468418220000000" Dst="-1" />
<file name="index.php" server="C:/wamp/www/BTCvedan/" local="131370223445394402" remote="131370223440000000" Dst="0" />
<file name="activate.php" server="C:/wamp/www/BTCvedan/" local="131541113227702844" remote="131541113220000000" Dst="0" />
<file name="activate.php" server="C:/wamp/www/ACADmovi/" local="131654195385535878" remote="131654195380000000" Dst="0" />
<file name="index.php" server="C:/wamp/www/ACADmovi/" local="131370223445394402" remote="131370223440000000" Dst="0" />
<file name="activate.php" server="C:/wamp/www/AlMON-PACK/" local="131654195380000000" remote="131654195380000000" Dst="0" />
<file name="index.php" server="C:/wamp/www/AlMON-PACK/" local="131370223440000000" remote="131370223440000000" Dst="0" />
<file name="activate.php" server="C:/wamp/www/AFPET_PACK/" local="131895290766851312" remote="131895290760000000" Dst="1" />
</dwsync>