<?xml version="1.0" encoding="utf-8" ?>
<dwsync>
<file name="recover.php" server="C:/wamp/www/MashalDigital/" local="131370293480745489" remote="131370293480000000" Dst="-1" />
<file name="index.php" server="C:/wamp/www/MashalDigital/" local="131370223217300438" remote="131370223210000000" Dst="-1" />
<file name="success.php" server="C:/wamp/www/MashalDigital/" local="131370294279886967" remote="131370294270000000" Dst="-1" />
<file name="recover.php" server="C:/wamp/www/crediter/" local="131396242728540325" remote="131396242720000000" Dst="-1" />
<file name="recover.php" server="C:/wamp/www/GeoCoinMine/" local="131468399746784870" remote="131468399740000000" Dst="-1" />
<file name="success.php" server="C:/wamp/www/GeoCoinMine/" local="131468387197781349" remote="131468387190000000" Dst="-1" />
<file name="index.php" server="C:/wamp/www/BTCvedan/" local="131370223217300438" remote="131370223210000000" Dst="0" />
<file name="recover.php" server="C:/wamp/www/BTCvedan/" local="131541107110942985" remote="131541107110000000" Dst="0" />
<file name="success.php" server="C:/wamp/www/BTCvedan/" local="131541104520344812" remote="131541104520000000" Dst="0" />
<file name="index.php" server="C:/wamp/www/ACADmovi/" local="131370223217300438" remote="131370223210000000" Dst="0" />
<file name="recover.php" server="C:/wamp/www/ACADmovi/" local="131654196506029967" remote="131654196500000000" Dst="0" />
<file name="success.php" server="C:/wamp/www/ACADmovi/" local="131654196745753678" remote="131654196740000000" Dst="0" />
<file name="index.php" server="C:/wamp/www/AlMON-PACK/" local="131370223200000000" remote="131370223200000000" Dst="0" />
<file name="recover.php" server="C:/wamp/www/AlMON-PACK/" local="131654196500000000" remote="131654196500000000" Dst="0" />
<file name="success.php" server="C:/wamp/www/AlMON-PACK/" local="131654196740000000" remote="131654196740000000" Dst="0" />
<file name="success.php" server="C:/wamp/www/AFPET_PACK/" local="131910228029473505" remote="131910228020000000" Dst="1" />
<file name="recover.php" server="C:/wamp/www/AFPET_PACK/" local="131910232746230550" remote="131910232740000000" Dst="1" />
<file name="recover.php" server="C:/wamp/www/MUZI-PACK/" local="132084137485361398" remote="132084137480000000" Dst="2" />
</dwsync>